"id_docente";"nome";"tipo";"nome_instituicao";"ano_inicio";"ano_fim";"outras_informacoes"
33;Alexandre César Muniz de Oliveira;Revisor de periódico;IEEE Transactions on Cybernetics;2017;"";"Review of the following manuscripts&#10;- ID CYB-E-2018-05-1020 &#10;- ID CYB-E-2016-09-1395 .R1"
33;Alexandre César Muniz de Oliveira;Revisor de periódico;SOFT COMPUTING;2017;"2018";Review of the manuscript SOCO-D-17-00018R1
33;Alexandre César Muniz de Oliveira;Revisor de periódico;European Journal of Operational Research;2015;"";Review of paper EJOR-D-15-01896
33;Alexandre César Muniz de Oliveira;Revisor de periódico;Computers & Industrial Engineering;2014;"";Review of CAIE-D-13-00235R1
33;Alexandre César Muniz de Oliveira;Revisor de projeto de fomento;Fundação de Amparo à Pesquisa ao Desenvolv. Científico e Tecnológico - MA;2013;"";"PAPPE-00282/13&#10;Edital 47/2012&#09;Admissão&#09;Avaliado&#09;04/03/2013&#09;     &#09;     &#10;PAPPE-00264/13&#10;Edital 47/2012&#09;Admissão&#09;Avaliado&#09;04/03/2013&#09;     &#09;     &#10;PAPPE-00274/13&#10;Edital 47/2012&#09;Admissão&#09;Avaliado&#09;10/03/2013&#09;     &#09;     &#10;APP-UNIVERSAL-01048/13&#10;Edital 01/2013&#09;Admissão&#09;Avaliado&#09;11/07/2013&#09;     &#09;     &#10;SCT-01858/13&#10;Edital 09/2013&#09;Admissão&#09;Avaliado&#09;04/08/2013   &#10;PROCIENCIA-02918/13&#10;Edital 23/2013&#09;Admissão&#09;Avaliado&#09;30/09/2013&#09;     &#09;     &#10;PROCIENCIA-01655/14&#10;Edital 19/2014&#09;Admissão&#09;Avaliado&#09;20/07/2014&#09;     &#09;     &#10;NIT-01004/11&#10;Edital 14/2011&#09;Final&#09;Avaliado&#09;26/01/2015&#09;     &#09;     &#10;TECNOVA-00223/14&#10;Edital 38/2013&#09;1º Parcial&#09;Avaliado&#09;10/04/2015"
39;André Castelo Branco Soares;Revisor de periódico;IEEE Access;2021;"";""
39;André Castelo Branco Soares;Revisor de periódico;INTERNATIONAL JOURNAL OF COMMUNICATION SYSTEMS;2021;"";""
39;André Castelo Branco Soares;Revisor de periódico;SENSORS;2021;"";""
39;André Castelo Branco Soares;Revisor de projeto de fomento;Universidade Federal do Mato Grosso do Sul;2019;"";""
39;André Castelo Branco Soares;Revisor de periódico;Journal of Communication and Information Systems;2016;"";""
39;André Castelo Branco Soares;Revisor de projeto de fomento;(FAPEPI) Fundação de Amparo à Pesquisa do Estado do Piauí;2011;"2011";""
39;André Castelo Branco Soares;Revisor de periódico;Revista de Informática Teórica e Aplicada (Impresso);2011;"";""
39;André Castelo Branco Soares;Revisor de projeto de fomento;(FACEPE) Fundação de Amparo à Ciência e Tecnologia do Estado de Pernambuco;2011;"2011";""
39;André Castelo Branco Soares;Revisor de periódico;International Journal on Advances in Systems and Measurement;2010;"2010";""
50;Andre Macedo Santana;Revisor de periódico;Journal of Intelligent and Robotic Systems;2013;"";""
50;Andre Macedo Santana;Revisor de periódico;International Journal of Applied Mathematics and Computer Science;2012;"";""
26;Anselmo Cardoso de Paiva;Revisor de periódico;Scientific Reports - Nature;2023;"2023";""
26;Anselmo Cardoso de Paiva;Revisor de periódico;Artificial Intelligence In Medicine;2022;"";""
26;Anselmo Cardoso de Paiva;Revisor de periódico;IEEE Transactions on Neural Networks and Learning Systems;2021;"2022";""
26;Anselmo Cardoso de Paiva;Revisor de periódico;BMC Medical Research Methodology;2020;"2020";""
26;Anselmo Cardoso de Paiva;Revisor de periódico;COMPUTER SPEECH AND LANGUAGE;2020;"2022";""
26;Anselmo Cardoso de Paiva;Revisor de periódico;Technology in Cancer Research & Treatment;2020;"2020";""
26;Anselmo Cardoso de Paiva;Revisor de periódico;Journal of Imaging;2020;"2020";""
26;Anselmo Cardoso de Paiva;Membro de corpo editorial;Journal of Imaging (ISSN 2313-433X);2020;"2021";Topic Editor of Journal of Imaging (ISSN 2313-433X)
26;Anselmo Cardoso de Paiva;Membro de corpo editorial;International Journal of Innovative Computing and Applications;2020;"2021";"Guest Editor for IWSSIP 2020: Special Issue on: &quot;Latest Scientific and Theoretical Advances in Systems, Signals and Image Processing&quot;."
26;Anselmo Cardoso de Paiva;Revisor de periódico;Artificial Intelligence in Medicine;2020;"";""
26;Anselmo Cardoso de Paiva;Revisor de periódico;Internet of Things;2020;"2020";""
26;Anselmo Cardoso de Paiva;Revisor de projeto de fomento;Fundação de Amparo à Ciência e Tecnologia do Estado de Pernambuco;2020;"";""
26;Anselmo Cardoso de Paiva;Revisor de periódico;Optik ? International Journal for Light and Electron Optics;2020;"2020";""
26;Anselmo Cardoso de Paiva;Revisor de periódico;International Journal of Medical Informatics;2020;"2020";""
26;Anselmo Cardoso de Paiva;Revisor de periódico;International Journal for Numerical Methods in Biomedical Engineering;2020;"2020";""
26;Anselmo Cardoso de Paiva;Membro de corpo editorial;Journal of Imaging;2020;"2021";Topic Editor
26;Anselmo Cardoso de Paiva;Revisor de periódico;International Journal of Pattern Recognition and Artificial Intelligence (0;2020;"2020";""
26;Anselmo Cardoso de Paiva;Revisor de periódico;IEEE Access;2020;"";""
26;Anselmo Cardoso de Paiva;Revisor de periódico;Future Generation Computer Systems;2019;"2019";""
26;Anselmo Cardoso de Paiva;Revisor de periódico;Biomedizinische Technik/Biomedical Engineering;2019;"2020";""
26;Anselmo Cardoso de Paiva;Revisor de periódico;Future Generation Computer Systems-The International Journal Of Escience;2019;"2019";""
26;Anselmo Cardoso de Paiva;Revisor de periódico;Biomedical Engineering/Biomedizinische Technik;2019;"2019";""
26;Anselmo Cardoso de Paiva;Revisor de periódico;Computers and Electrical Engineering;2018;"2018";""
26;Anselmo Cardoso de Paiva;Revisor de projeto de fomento;Foundation for Polish Science;2018;"2018";Avaliação de projeto de pesquisa no ambito do Programa EU Structural Funds ? TEAM TECH.
26;Anselmo Cardoso de Paiva;Revisor de periódico;INTERNATIONAL JOURNAL OF MEDICAL INFORMATICS;2018;"2018";""
26;Anselmo Cardoso de Paiva;Revisor de periódico;COMPUTERS & ELECTRICAL ENGINEERING;2018;"2018";""
26;Anselmo Cardoso de Paiva;Revisor de periódico;Computers & Electrical Engineering;2018;"2018";""
26;Anselmo Cardoso de Paiva;Revisor de periódico;International Journal of Geographical Information Science (IJGIS);2018;"2018";""
26;Anselmo Cardoso de Paiva;Revisor de periódico;iSys - Revista Brasileira de Sistemas de Informação;2018;"2018";""
26;Anselmo Cardoso de Paiva;Revisor de periódico;Journal of the Brazilian Society of Mechanical Sciences and Engineering;2018;"2018";""
26;Anselmo Cardoso de Paiva;Revisor de periódico;Journal Healthcare Engineering;2017;"2017";""
26;Anselmo Cardoso de Paiva;Revisor de periódico;The European Physical Journal Plus;2017;"2017";""
26;Anselmo Cardoso de Paiva;Revisor de periódico;Computers and Graphics;2017;"";""
26;Anselmo Cardoso de Paiva;Revisor de periódico;Informatics in Medicine Unlocked;2016;"2016";""
26;Anselmo Cardoso de Paiva;Revisor de periódico;Journal of Healthcare Engineering;2016;"2017";""
26;Anselmo Cardoso de Paiva;Revisor de periódico;Journal of Design Research (Online);2016;"2016";""
26;Anselmo Cardoso de Paiva;Revisor de periódico;International Journal of Computational Science and Engineering;2016;"2016";""
26;Anselmo Cardoso de Paiva;Revisor de periódico;Ciência e Saúde Coletiva (Impresso);2016;"2016";""
26;Anselmo Cardoso de Paiva;Revisor de periódico;International Journal of Computer Science and Network Security;2016;"";""
26;Anselmo Cardoso de Paiva;Revisor de periódico;Computational and Mathematical Methods in Medicine (Print);2016;"2016";""
26;Anselmo Cardoso de Paiva;Revisor de projeto de fomento;Fundação Rondônia de Amparo ao Desenvolvimento das Ações Científicas e Tecn;2015;"2015";""
26;Anselmo Cardoso de Paiva;Revisor de periódico;International Journal of Computer Vision;2015;"2015";""
26;Anselmo Cardoso de Paiva;Revisor de periódico;Expert Systems with Applications;2015;"";""
26;Anselmo Cardoso de Paiva;Revisor de projeto de fomento;Fundação de Amparo a Pesquisa do Estado do Amazonas;2015;"2015";""
26;Anselmo Cardoso de Paiva;Revisor de projeto de fomento;Fundação de Amparo à Pesquisa do Estado do Piauí;2013;"";""
26;Anselmo Cardoso de Paiva;Revisor de periódico;Computer Methods and Programs in Biomedicine (Print);2013;"";""
26;Anselmo Cardoso de Paiva;Revisor de periódico;International Journal of Enterprise Information Systems;2013;"2013";""
26;Anselmo Cardoso de Paiva;Revisor de periódico;Computers in Biology and Medicine;2013;"2019";""
26;Anselmo Cardoso de Paiva;Revisor de periódico;Journal of Mechanical Engineering Science;2013;"2013";""
26;Anselmo Cardoso de Paiva;Revisor de periódico;IEEE Transactions on Biomedical Engineering;2012;"";""
26;Anselmo Cardoso de Paiva;Revisor de periódico;Signal Processing (Print);2012;"2012";""
26;Anselmo Cardoso de Paiva;Revisor de periódico;Journal of the American Medical Informatics Association;2012;"2012";""
26;Anselmo Cardoso de Paiva;Revisor de periódico;IEEE Transactions on Biomedical Engineering (Print);2012;"2012";""
26;Anselmo Cardoso de Paiva;Revisor de projeto de fomento;(CAPES) Coordenação de Aperfeiçoamento de Pessoal de Nível Superior;2011;"";""
26;Anselmo Cardoso de Paiva;Revisor de projeto de fomento;(FAPESPA) Fundação de Amparo à Pesquisa do Estado do Pará;2011;"";""
26;Anselmo Cardoso de Paiva;Revisor de periódico;Mathematics and Computers in Simulation (Print);2010;"2010";""
26;Anselmo Cardoso de Paiva;Revisor de projeto de fomento;(CNPq) Conselho Nacional de Desenvolvimento Científico e Tecnológico;2010;"";""
26;Anselmo Cardoso de Paiva;Revisor de periódico;International Journal of Imaging;2009;"2009";""
26;Anselmo Cardoso de Paiva;Revisor de periódico;JBCS - JOURNAL OF THE BRAZILIAN COMPUTER SOCIETY;2009;"2012";""
26;Anselmo Cardoso de Paiva;Revisor de periódico;Mathematical Problems in Engineering;2009;"2009";""
26;Anselmo Cardoso de Paiva;Revisor de projeto de fomento;(FAPEMA) Fundação de Amparo à Pesquisa ao Desenvolvimento Científico e Tecn;2009;"";""
26;Anselmo Cardoso de Paiva;Revisor de periódico;INTERNATIONAL JOURNAL OF PATTERN RECOGNITION AND ARTIFICIAL INTELLIGENCE;2008;"2008";""
26;Anselmo Cardoso de Paiva;Revisor de periódico;INFOCOMP. Journal of Computer Science;2007;"2010";""
26;Anselmo Cardoso de Paiva;Revisor de periódico;Revista Brasileira de Geociências;2007;"";""
26;Anselmo Cardoso de Paiva;Membro de corpo editorial;INFOCOMP. Journal of Computer Science;2007;"2011";""
26;Anselmo Cardoso de Paiva;Membro de corpo editorial;CADERNOS DE PESQUISA (UFMA);2004;"2005";""
54;Antonio Oseas de Carvalho Filho;Membro de comitê assessor;Conselho Nacional de Desenvolvimento Científico e Tecnológico;2021;"";""
54;Antonio Oseas de Carvalho Filho;Revisor de periódico;IEEE Journal of Biomedical and Health Informatics;2021;"";""
54;Antonio Oseas de Carvalho Filho;Revisor de periódico;PATTERN RECOGNITION;2021;"";""
54;Antonio Oseas de Carvalho Filho;Revisor de periódico;COMPUTERS IN BIOLOGY AND MEDICINE;2021;"";""
54;Antonio Oseas de Carvalho Filho;Revisor de periódico;MEDICAL & BIOLOGICAL ENGINEERING & COMPUTING;2020;"";""
54;Antonio Oseas de Carvalho Filho;Revisor de periódico;EXPERT SYSTEMS WITH APPLICATIONS;2020;"";""
54;Antonio Oseas de Carvalho Filho;Revisor de projeto de fomento;Fundação de Amparo à Pesquisa ao Desenvolv. Científico e Tecnológico - MA;2019;"";Comitê de Julgamento referente ao EDITAL FAPEMA STARTUPS, TIAC e entre outros. Atuou em avaliações das propostas e de relatórios finais.
29;Areolino de Almeida Neto;Revisor de projeto de fomento;Fundação de Amparo à Pesquisa ao Desenvolv. Científico e Tecnológico - MA;2011;"";""
29;Areolino de Almeida Neto;Revisor de projeto de fomento;CNPQ;2010;"";""
20;Aristófanes Corrêa Silva;Revisor de periódico;Open Medicine;2021;"";""
20;Aristófanes Corrêa Silva;Revisor de periódico;Computers & Graphics;2021;"";""
20;Aristófanes Corrêa Silva;Revisor de periódico;Computers and Electronics in Agriculture;2021;"";""
20;Aristófanes Corrêa Silva;Revisor de periódico;Brazilian Archives of Biology and Technology;2020;"2020";""
20;Aristófanes Corrêa Silva;Revisor de periódico;Computer Methods in Biomechanics and Biomedical Engineering: Imaging & Visu;2020;"";""
20;Aristófanes Corrêa Silva;Revisor de periódico;JOURNAL OF SCIENTIFIC RESEARCH AND REPORTS;2020;"";""
20;Aristófanes Corrêa Silva;Revisor de periódico;Biomedical Engineering / Biomedizinische Technik;2020;"";""
20;Aristófanes Corrêa Silva;Revisor de periódico;Computers and Electrical Engineering;2020;"";""
20;Aristófanes Corrêa Silva;Revisor de periódico;JOURNAL OF INTERNATIONAL MEDICAL RESEARCH;2019;"";""
20;Aristófanes Corrêa Silva;Revisor de periódico;OPTIK;2018;"";""
20;Aristófanes Corrêa Silva;Revisor de periódico;JOURNAL OF EXPERIMENTAL & THEORETICAL ARTIFICIAL INTELLIGENCE;2018;"";""
20;Aristófanes Corrêa Silva;Revisor de periódico;IEEE Journal of Biomedical and Health Informatics;2017;"";""
20;Aristófanes Corrêa Silva;Revisor de periódico;Karbala International Journal of Modern Science;2017;"";""
20;Aristófanes Corrêa Silva;Revisor de periódico;Journal of King Saud University - Computer and Information Sciences;2017;"";""
20;Aristófanes Corrêa Silva;Revisor de periódico;informatics and medicine unlocked;2016;"";""
20;Aristófanes Corrêa Silva;Revisor de periódico;Signal, Image and Video Processing (SVIP);2016;"";""
20;Aristófanes Corrêa Silva;Revisor de periódico;Biocybernetics and Biomedical Engineering;2016;"";""
20;Aristófanes Corrêa Silva;Revisor de periódico;Applied Soft Computing (Print);2015;"";""
20;Aristófanes Corrêa Silva;Revisor de periódico;Biomedical Engineering-Applications;2015;"";""
20;Aristófanes Corrêa Silva;Revisor de periódico;Engineering Applications of Artificial Intelligence;2013;"";""
20;Aristófanes Corrêa Silva;Revisor de periódico;Pattern Analysis and Applications (Print);2013;"";""
20;Aristófanes Corrêa Silva;Revisor de periódico;J ZHEJIANG U-SCI C;2013;"";""
20;Aristófanes Corrêa Silva;Revisor de projeto de fomento;Fundação de Amparo à Pesquisa do Estado da Bahia;2012;"2012";""
20;Aristófanes Corrêa Silva;Revisor de periódico;IEEE Computer Graphics and Applications;2011;"";""
20;Aristófanes Corrêa Silva;Revisor de periódico;Engineering Applications of Artificial Intelligence;2011;"";""
20;Aristófanes Corrêa Silva;Revisor de periódico;Artificial Intelligence in Medicine (Print);2011;"";""
20;Aristófanes Corrêa Silva;Revisor de periódico;Revista Controle & Automação da Sociedade Brasileira de Automação;2010;"";""
20;Aristófanes Corrêa Silva;Revisor de periódico;IEEE Transactions on Biomedical Engineering (Print);2010;"";""
20;Aristófanes Corrêa Silva;Revisor de periódico;International Journal of Imaging & Robotics (IJIR) (ISSN 2231-525X);2009;"";""
20;Aristófanes Corrêa Silva;Revisor de projeto de fomento;Conselho Nacional de Desenvolvimento Científico e Tecnológico;2009;"";""
20;Aristófanes Corrêa Silva;Revisor de periódico;Revista Brasileira de Engenharia Biomédica (Impresso);2009;"";""
20;Aristófanes Corrêa Silva;Revisor de periódico;Computers in Biology and Medicine;2009;"";""
20;Aristófanes Corrêa Silva;Revisor de projeto de fomento;Fundação de Amparo à Pesquisa ao Desenvolv. Científico e Tecnológico - MA;2007;"";""
20;Aristófanes Corrêa Silva;Revisor de periódico;International Journal on Computational Intelligence and Applications;2007;"";""
20;Aristófanes Corrêa Silva;Revisor de periódico;Revista IEEE América Latina;2007;"";""
16;Carlos de Salles Soares Neto;Revisor de periódico;Revista Brasileira de Informática na Educação (RBIE);2022;"";""
16;Carlos de Salles Soares Neto;Membro de comitê assessor;Fundação de Amparo à Pesquisa ao Desenvolv. Científico e Tecnológico - MA;2019;"2023";""
16;Carlos de Salles Soares Neto;Revisor de periódico;Multimedia Tools and Applications;2011;"";""
16;Carlos de Salles Soares Neto;Membro de corpo editorial;Multimedia Tools and Applications;2011;"";""
24;Davi Viana dos Santos;Membro de corpo editorial;iSys - Revista Brasileira de Sistemas de Informação;2021;"";Editor-chefe da revista
24;Davi Viana dos Santos;Revisor de periódico;Empirical Software Engineering;2021;"";""
24;Davi Viana dos Santos;Revisor de periódico;Journal on Interactive Systems;2021;"2021";Revisor convidado de Edição Especial dos Melhores trabalhos do SBGames - Education Track
24;Davi Viana dos Santos;Revisor de periódico;IEEE Latin America Transactions;2021;"";""
24;Davi Viana dos Santos;Revisor de periódico;Journal of the Brazilian Computer Society;2020;"";Revisor de Edição Especial
24;Davi Viana dos Santos;Revisor de periódico;iSys - Revista Brasileira de Sistemas de Informação;2017;"2018";Revisor convidado da iSys
24;Davi Viana dos Santos;Membro de corpo editorial;REVISTA ELETRÔNICA DE INICIAÇÃO CIENTÍFICA;2017;"2020";Seção: Sistemas de Informação
24;Davi Viana dos Santos;Revisor de periódico;Journal of Software Engineering Research and Development;2017;"";""
43;Erico Meneses Leão;Revisor de periódico;Ad Hoc Networks;2021;"";""
43;Erico Meneses Leão;Revisor de periódico;Evolving Systems;2021;"";""
43;Erico Meneses Leão;Revisor de periódico;WIRELESS COMMUNICATIONS AND MOBILE COMPUTING;2021;"";""
43;Erico Meneses Leão;Revisor de periódico;International Journal of Distributed Sensor Networks;2017;"";""
37;Flavio Henrique Duarte de Araujo;Revisor de periódico;Neural Computing and Applications;2021;"";""
37;Flavio Henrique Duarte de Araujo;Revisor de projeto de fomento;Fundação Cearense de Apoio ao Desenvolvimento Científico e Tecnológico;2020;"";""
37;Flavio Henrique Duarte de Araujo;Revisor de periódico;IEEE Transactions on Medical Imaging;2020;"";""
37;Flavio Henrique Duarte de Araujo;Revisor de periódico;The Journal of Supercomputing;2019;"";""
37;Flavio Henrique Duarte de Araujo;Revisor de periódico;Computers in Biology and Medicine;2019;"";""
37;Flavio Henrique Duarte de Araujo;Revisor de periódico;ARTIFICIAL INTELLIGENCE IN MEDICINE;2018;"";""
37;Flavio Henrique Duarte de Araujo;Revisor de periódico;International Journal of Pattern Recognition and Artificial Intelligence;2016;"";""
37;Flavio Henrique Duarte de Araujo;Revisor de periódico;IEEE Latin America Transactions;2013;"";""
51;Francisco Airton Pereira da Silva;Membro de corpo editorial;Applied Sciences-Basel;2022;"";""
51;Francisco Airton Pereira da Silva;Revisor de periódico;Cluster Computing, Springer;2020;"";""
51;Francisco Airton Pereira da Silva;Revisor de periódico;Journal of Reliable Intelligent Environments;2019;"";""
51;Francisco Airton Pereira da Silva;Revisor de periódico;JOURNAL OF SUPERCOMPUTING;2013;"";""
23;Francisco José da Silva e Silva;Revisor de periódico;The Journal of Supercomputing;2020;"";""
23;Francisco José da Silva e Silva;Revisor de periódico;ACM COMPUTING SURVEYS;2020;"2021";""
23;Francisco José da Silva e Silva;Revisor de periódico;SENSORS;2019;"";""
23;Francisco José da Silva e Silva;Revisor de periódico;Future Generation Computer Systems-The International Journal of eScience;2018;"2018";""
23;Francisco José da Silva e Silva;Revisor de periódico;Journal of Ambient Intelligence and Humanized Computing;2017;"2017";""
23;Francisco José da Silva e Silva;Revisor de periódico;INFOCOMP. Journal of Computer Science;2006;"2006";""
15;Geraldo Braz Júnior;Revisor de periódico;Expert Systems With Applications;2023;"";""
15;Geraldo Braz Júnior;Revisor de periódico;Biomedical Signal Processing & Control;2023;"";""
15;Geraldo Braz Júnior;Revisor de periódico;Engineering Applications of Artificial Intelligence;2023;"";""
15;Geraldo Braz Júnior;Revisor de periódico;iSys - Revista Brasileira de Sistemas de Informação;2023;"";""
15;Geraldo Braz Júnior;Revisor de periódico;Big Data and Cognitive Computing;2023;"";""
15;Geraldo Braz Júnior;Revisor de periódico;Symmetry-Basel;2022;"";""
15;Geraldo Braz Júnior;Revisor de periódico;SENSORS;2022;"";""
15;Geraldo Braz Júnior;Revisor de periódico;Medical Imaging;2022;"";""
15;Geraldo Braz Júnior;Revisor de periódico;Applied Sciences;2022;"";""
15;Geraldo Braz Júnior;Revisor de periódico;Neuroscience Informatics;2021;"";""
15;Geraldo Braz Júnior;Revisor de periódico;Journal of Ambient Intelligence and Humanized Computing;2020;"2021";""
15;Geraldo Braz Júnior;Revisor de periódico;Journal of Engineering and Business;2020;"2020";""
15;Geraldo Braz Júnior;Revisor de periódico;Journal of King Saud University;2020;"2021";""
15;Geraldo Braz Júnior;Revisor de periódico;Pattern Recognition Letters;2019;"";""
15;Geraldo Braz Júnior;Revisor de periódico;Revista Eletrônica de Iniciação Científica em Computação;2018;"2019";""
15;Geraldo Braz Júnior;Membro de comitê assessor;Conselho Nacional de Desenvolvimento Científico e Tecnológico;2018;"";""
15;Geraldo Braz Júnior;Revisor de periódico;COMPUTERS IN BIOLOGY AND MEDICINE;2018;"";""
15;Geraldo Braz Júnior;Revisor de periódico;Multimedia Tools and Applications;2016;"";""
15;Geraldo Braz Júnior;Revisor de periódico;Current Medical Imaging Reviews;2014;"2016";"ISSN: 1875-6603 (Online)&#10;ISSN: 1573-4056 (Print)"
15;Geraldo Braz Júnior;Membro de comitê assessor;Fundação de Amparo à Pesquisa ao Desenvolv. Científico e Tecnológico - MA;2014;"2020";""
15;Geraldo Braz Júnior;Revisor de periódico;Revista IEEE América Latina;2013;"2020";""
53;Guilherme Amaral Avelino;Revisor de periódico;Soft Computing;2022;"";""
53;Guilherme Amaral Avelino;Revisor de periódico;Journal of Software: Evolution and Process;2021;"";""
53;Guilherme Amaral Avelino;Revisor de periódico;Journal of Software Engineering and Research Development;2019;"";""
38;Ivan Saraiva Silva;Revisor de periódico;JOURNAL OF PARALLEL AND DISTRIBUTED COMPUTING;2017;"";""
38;Ivan Saraiva Silva;Revisor de periódico;Concurrency and Computation;2016;"";""
38;Ivan Saraiva Silva;Revisor de periódico;Advances in Computer Engineering;2014;"";"Informações sobre o periódico:&#10;&#10;http://www.hindawi.com/journals/aceng/&#10;&#10;ISSN: 2356-6620 (Print)&#10;ISSN: 2314-7601 (Online)&#10;DOI: 10.1155/5360"
38;Ivan Saraiva Silva;Revisor de periódico;Design Automation for Embedded Systems;2014;"";""
38;Ivan Saraiva Silva;Revisor de periódico;International Journal of Embedded Systems;2013;"";""
38;Ivan Saraiva Silva;Revisor de periódico;Analog Integrated Circuits and Signal Processing;2011;"";""
46;João Carlos de Oliveira Souza;Membro de comitê assessor;Universidade Federal do Delta do Parnaíba;2022;"";""
46;João Carlos de Oliveira Souza;Revisor de periódico;JOURNAL OF OPTIMIZATION THEORY AND APPLICATIONS;2022;"";""
46;João Carlos de Oliveira Souza;Membro de comitê assessor;Universidade Federal de Ouro Preto;2021;"";""
46;João Carlos de Oliveira Souza;Membro de comitê assessor;Fundação Universidade Federal do Piauí;2021;"";""
46;João Carlos de Oliveira Souza;Revisor de projeto de fomento;Conselho Nacional de Desenvolvimento Científico e Tecnológico;2021;"";""
46;João Carlos de Oliveira Souza;Membro de corpo editorial;Revista Piauiense de Matemática;2020;"";""
46;João Carlos de Oliveira Souza;Revisor de periódico;COMPUTATIONAL OPTIMIZATION AND APPLICATIONS;2020;"";""
46;João Carlos de Oliveira Souza;Membro de corpo editorial;Proceeding Series of the Brazilian Society of Computational and Applied Mat;2020;"";""
46;João Carlos de Oliveira Souza;Revisor de periódico;Optimization and Engineering;2020;"";""
46;João Carlos de Oliveira Souza;Revisor de periódico;Journal of Fixed Point Theory and Applications;2019;"";""
46;João Carlos de Oliveira Souza;Revisor de periódico;NUMERICAL ALGORITHMS;2019;"";""
46;João Carlos de Oliveira Souza;Revisor de periódico;ANNALS OF OPERATIONS RESEARCH;2019;"";""
46;João Carlos de Oliveira Souza;Revisor de periódico;OPTIMIZATION;2019;"";""
46;João Carlos de Oliveira Souza;Revisor de periódico;COMPUTATIONAL AND APPLIED MATHEMATICS;2018;"";""
46;João Carlos de Oliveira Souza;Revisor de periódico;Mathematical Reviews;2018;"";""
46;João Carlos de Oliveira Souza;Revisor de periódico;OPERATIONS RESEARCH LETTERS;2018;"";""
46;João Carlos de Oliveira Souza;Revisor de periódico;Applied Mathematics and Computation;2015;"";""
27;João Dallyson Sousa de Almeida;Revisor de periódico;COMPUTER METHODS AND PROGRAMS IN BIOMEDICINE;2023;"2023";""
27;João Dallyson Sousa de Almeida;Revisor de periódico;International Ophthalmology;2022;"2022";""
27;João Dallyson Sousa de Almeida;Revisor de periódico;EXPERT SYSTEMS WITH APPLICATIONS;2022;"";https://www.sciencedirect.com/journal/expert-systems-with-applications
27;João Dallyson Sousa de Almeida;Revisor de periódico;COMPUTERS IN BIOLOGY AND MEDICINE;2022;"2022";""
27;João Dallyson Sousa de Almeida;Revisor de periódico;ARTIFICIAL INTELLIGENCE REVIEW (DORDRECHT. ONLINE);2022;"2023";""
27;João Dallyson Sousa de Almeida;Revisor de periódico;THE ASIA-PACIFIC JOURNAL OF OPHTHALMOLOGY;2022;"2022";""
27;João Dallyson Sousa de Almeida;Revisor de projeto de fomento;Conselho Nacional de Desenvolvimento Científico e Tecnológico;2022;"";""
27;João Dallyson Sousa de Almeida;Revisor de periódico;FRONTIERS IN MEDICINE;2021;"2021";""
27;João Dallyson Sousa de Almeida;Revisor de periódico;ENGINEERING APPLICATIONS OF ARTIFICIAL INTELLIGENCE;2021;"2022";""
27;João Dallyson Sousa de Almeida;Revisor de periódico;INTERNATIONAL JOURNAL OF MEDICAL INFORMATICS;2021;"2022";""
27;João Dallyson Sousa de Almeida;Revisor de periódico;Computer Methods In Biomechanics And Biomedical Engineering-Imaging And Vis;2021;"2022";""
27;João Dallyson Sousa de Almeida;Revisor de periódico;BMC MEDICAL IMAGING;2020;"2020";""
27;João Dallyson Sousa de Almeida;Revisor de periódico;ELECTRONICS LETTERS;2019;"2019";""
27;João Dallyson Sousa de Almeida;Revisor de periódico;IEEE Journal of Biomedical and Health Informatics;2018;"2019";""
27;João Dallyson Sousa de Almeida;Revisor de periódico;REVISTA ELETRÔNICA DE INICIAÇÃO CIENTÍFICA;2018;"2020";""
27;João Dallyson Sousa de Almeida;Revisor de periódico;IET Computer Vision;2018;"2019";""
27;João Dallyson Sousa de Almeida;Revisor de periódico;RESEARCH ON BIOMEDICAL ENGINEERING;2018;"2018";""
27;João Dallyson Sousa de Almeida;Revisor de projeto de fomento;Fundação de Amparo à Pesquisa do Estado do Piauí;2016;"";Parecerista ADHOC dos projetos submetidos ao EDITAL FAPEPI/MS-DECIT/CNPq/SESAPI N° 002/2016 ? PPSUS.
27;João Dallyson Sousa de Almeida;Revisor de projeto de fomento;Fundação de Apoio à Pesquisa e à Inovação Tecnológica do Estado de Sergipe;2016;"";""
27;João Dallyson Sousa de Almeida;Revisor de periódico;Revista de Informática Teórica e Aplicada: RITA;2016;"2023";""
27;João Dallyson Sousa de Almeida;Revisor de projeto de fomento;Fundação de Amparo à Ciência e Tecnologia do Estado de Pernambuco;2016;"";""
27;João Dallyson Sousa de Almeida;Revisor de periódico;Revista IEEE América Latina;2015;"2016";""
27;João Dallyson Sousa de Almeida;Revisor de projeto de fomento;Fundação de Amparo à Pesquisa ao Desenvolv. Científico e Tecnológico - MA;2014;"";""
27;João Dallyson Sousa de Almeida;Revisor de periódico;Ingeniare. Revista Chilena de Ingeniería (Impresa);2014;"2014";""
27;João Dallyson Sousa de Almeida;Revisor de periódico;Medical & Biological Engineering & Computing;2014;"2016";""
27;João Dallyson Sousa de Almeida;Revisor de periódico;IET Image Processing;2013;"2020";""
27;João Dallyson Sousa de Almeida;Revisor de periódico;PATTERN ANALYSIS AND APPLICATIONS;2013;"2022";""
40;Joao Xavier da Cruz Neto;Revisor de periódico;Professor de Matemática online - revista eletrônica da SBM;2020;"";""
40;Joao Xavier da Cruz Neto;Revisor de periódico;Operations Research Letters;2020;"";""
40;Joao Xavier da Cruz Neto;Revisor de periódico;APPLIED MATHEMATICS AND COMPUTATION;2019;"";""
40;Joao Xavier da Cruz Neto;Revisor de periódico;COMPUTATIONAL OPTIMIZATION AND APPLICATIONS;2018;"";""
40;Joao Xavier da Cruz Neto;Revisor de periódico;ANNALS OF OPERATIONS RESEARCH;2018;"";""
40;Joao Xavier da Cruz Neto;Revisor de periódico;SIAM Journal on Optimization;2013;"";""
40;Joao Xavier da Cruz Neto;Revisor de periódico;Journal of Global Optimization (Dordrecht. Online);2011;"";""
40;Joao Xavier da Cruz Neto;Revisor de periódico;Optimization (Print);2011;"";""
40;Joao Xavier da Cruz Neto;Revisor de periódico;Numerical Algorithms;2010;"";""
40;Joao Xavier da Cruz Neto;Revisor de periódico;Balkan Journal of Geometry and its Applications;2000;"";""
52;Jose Valdemir dos Reis Junior;Revisor de periódico;IEEE Internet of Things Journal;2021;"";""
52;Jose Valdemir dos Reis Junior;Revisor de periódico;IEEE Access;2017;"";""
52;Jose Valdemir dos Reis Junior;Revisor de periódico;OPTICAL ENGINEERING;2017;"";""
52;Jose Valdemir dos Reis Junior;Revisor de periódico;OPTICAL FIBER TECHNOLOGY;2017;"";""
52;Jose Valdemir dos Reis Junior;Revisor de periódico;Optical Switching and Networking (Print);2016;"";""
30;Luciano Reis Coutinho;Revisor de periódico;SYSTEMS;2022;"";""
30;Luciano Reis Coutinho;Revisor de periódico;iSys - Revista Brasileira de Sistemas de Informação;2021;"";""
30;Luciano Reis Coutinho;Revisor de periódico;MDPI AI;2020;"";""
30;Luciano Reis Coutinho;Revisor de periódico;SENSORS;2020;"";""
30;Luciano Reis Coutinho;Revisor de periódico;Applied Sciences-Basel;2020;"";""
30;Luciano Reis Coutinho;Revisor de periódico;IEEE Transactions on Games;2020;"";""
30;Luciano Reis Coutinho;Revisor de projeto de fomento;Fundação de Amparo à Pesquisa ao Desenvolv. Científico e Tecnológico - MA;2010;"";""
25;Mário Antonio Meireles Teixeira;Revisor de periódico;INFOCOMP (UFLA);2008;"";""
25;Mário Antonio Meireles Teixeira;Revisor de periódico;Revista IEEE América Latina;2006;"";""
42;Paulo Sergio Marques dos Santos;Membro de comitê assessor;Universidade Federal do Delta do Parnaíba;2023;"";""
42;Paulo Sergio Marques dos Santos;Membro de comitê assessor;(FAPEPI) Fundação de Amparo à Pesquisa do Estado do Piauí;2022;"2022";""
42;Paulo Sergio Marques dos Santos;Revisor de projeto de fomento;Fundação de Amparo à Pesquisa do Estado do Piauí;2022;"2022";SEMINÁRIO DE ACOMPANHAMENTO E AVALIAÇÃO FINAL DO PROGRAMA PPP-PI.
42;Paulo Sergio Marques dos Santos;Revisor de periódico;Qualitative Theory of Dynamical Systems;2022;"";""
42;Paulo Sergio Marques dos Santos;Membro de comitê assessor;Universidade Federal do Piauí;2021;"2022";""
42;Paulo Sergio Marques dos Santos;Revisor de periódico;SOFT COMPUTING;2021;"";""
42;Paulo Sergio Marques dos Santos;Revisor de periódico;Kyungpook Mathematical Journal;2018;"";""
42;Paulo Sergio Marques dos Santos;Revisor de periódico;COMPUTATIONAL & APPLIED MATHEMATICS;2018;"";""
42;Paulo Sergio Marques dos Santos;Revisor de periódico;OPTIMIZATION;2018;"";""
42;Paulo Sergio Marques dos Santos;Revisor de periódico;NUMERICAL ALGORITHMS;2018;"";""
42;Paulo Sergio Marques dos Santos;Revisor de periódico;COMPUTATIONAL OPTIMIZATION AND APPLICATIONS;2017;"";""
42;Paulo Sergio Marques dos Santos;Revisor de periódico;RAIRO-OPERATIONS RESEARCH;2017;"";""
42;Paulo Sergio Marques dos Santos;Revisor de periódico;Revista de la Real Academia de Ciencias Exactas Fisicas y Naturales Serie A;2017;"";""
42;Paulo Sergio Marques dos Santos;Revisor de periódico;JOURNAL OF GLOBAL OPTIMIZATION;2017;"";""
42;Paulo Sergio Marques dos Santos;Revisor de periódico;Mathematical Reviews;2015;"";""
42;Paulo Sergio Marques dos Santos;Revisor de periódico;Journal of Applied Mathematics;2014;"";""
42;Paulo Sergio Marques dos Santos;Revisor de periódico;Journal of Optimization Theory and Applications;2012;"";""
42;Paulo Sergio Marques dos Santos;Revisor de periódico;Optimization Letters (Print);2012;"";""
42;Paulo Sergio Marques dos Santos;Revisor de periódico;IEEE Transactions on Neural Networks;2007;"";Revisão de artigos científicos.
42;Paulo Sergio Marques dos Santos;Revisor de periódico;Journal of Computational and Applied Mathematics;2005;"";Revisão de artigos científicos.
36;Ricardo de Andrade Lira Rabêlo;Revisor de periódico;LEARNING AND NONLINEAR MODELS;2023;"";""
36;Ricardo de Andrade Lira Rabêlo;Revisor de periódico;Sustainable Computing: Informatics and Systems;2023;"";https://www.sciencedirect.com/journal/sustainable-computing-informatics-and-systems
36;Ricardo de Andrade Lira Rabêlo;Revisor de periódico;ENGINEERING APPLICATIONS OF ARTIFICIAL INTELLIGENCE;2023;"";https://www.sciencedirect.com/journal/engineering-applications-of-artificial-intelligence
36;Ricardo de Andrade Lira Rabêlo;Revisor de periódico;Journal of Parallel and Distributed Computing;2023;"";https://www.sciencedirect.com/journal/journal-of-parallel-and-distributed-computing
36;Ricardo de Andrade Lira Rabêlo;Revisor de periódico;Smart Energy;2023;"";ISSN: 2666-9552
36;Ricardo de Andrade Lira Rabêlo;Revisor de periódico;Electronics;2023;"";https://www.mdpi.com/journal/electronics
36;Ricardo de Andrade Lira Rabêlo;Revisor de periódico;Mathematics;2023;"";https://www.mdpi.com/journal/mathematics
36;Ricardo de Andrade Lira Rabêlo;Revisor de periódico;Software;2022;"";ISSN: 2674-113X
36;Ricardo de Andrade Lira Rabêlo;Revisor de periódico;Financial Innovation;2022;"";https://jfin-swufe.springeropen.com/about
36;Ricardo de Andrade Lira Rabêlo;Membro de corpo editorial;Sustainability;2022;"";""
36;Ricardo de Andrade Lira Rabêlo;Revisor de periódico;HardwareX;2022;"";https://www.journals.elsevier.com/hardwarex
36;Ricardo de Andrade Lira Rabêlo;Revisor de periódico;Journal of Energy and Power Technology;2022;"";"ISSN: 2690-1692&#10;Link: https://www.lidsen.com/journals/jept"
36;Ricardo de Andrade Lira Rabêlo;Revisor de periódico;MATHEMATICS AND COMPUTERS IN SIMULATION;2022;"";https://www.sciencedirect.com/journal/mathematics-and-computers-in-simulation
36;Ricardo de Andrade Lira Rabêlo;Revisor de periódico;COMPUTATIONAL AND STRUCTURAL BIOTECHNOLOGY JOURNAL;2022;"";https://www.journals.elsevier.com/computational-and-structural-biotechnology-journal
36;Ricardo de Andrade Lira Rabêlo;Revisor de periódico;Bioengineering;2022;"";https://www.mdpi.com/journal/bioengineering
36;Ricardo de Andrade Lira Rabêlo;Revisor de periódico;Applied Computational Intelligence and Soft Computing;2021;"";https://www.hindawi.com/journals/acisc/
36;Ricardo de Andrade Lira Rabêlo;Revisor de periódico;International Journal of Energy Research;2021;"";https://onlinelibrary.wiley.com/journal/1099114x
36;Ricardo de Andrade Lira Rabêlo;Revisor de periódico;INTERNATIONAL JOURNAL OF ELECTRICAL POWER & ENERGY SYSTEMS;2021;"";https://www.journals.elsevier.com/international-journal-of-electrical-power-and-energy-systems
36;Ricardo de Andrade Lira Rabêlo;Revisor de periódico;INTERNATIONAL JOURNAL OF HYDROLOGY SCIENCE AND TECHNOLOGY;2021;"";https://www.inderscience.com/jhome.php?jcode=ijhst
36;Ricardo de Andrade Lira Rabêlo;Revisor de periódico;Cleaner Engineering and Technology;2021;"";"Cleaner Engineering and Technology (ISSN: 2666-7908)&#10;&#10;https://www.journals.elsevier.com/cleaner-engineering-and-technology/"
36;Ricardo de Andrade Lira Rabêlo;Revisor de periódico;IEEE Sensors Journal;2021;"";https://ieeexplore.ieee.org/xpl/RecentIssue.jsp?punumber=7361
36;Ricardo de Andrade Lira Rabêlo;Revisor de periódico;Sustainable Energy Grids & Networks;2021;"";https://www.journals.elsevier.com/sustainable-energy-grids-and-networks
36;Ricardo de Andrade Lira Rabêlo;Revisor de periódico;COGENT ENGINEERING;2021;"";https://www.tandfonline.com/toc/oaen20/current
36;Ricardo de Andrade Lira Rabêlo;Revisor de periódico;IEEE Transactions on Cybernetics;2021;"";"https://ieeexplore.ieee.org/xpl/RecentIssue.jsp?punumber=6221036&#10;&#10;https://ieeexplore.ieee.org/document/8026539"
36;Ricardo de Andrade Lira Rabêlo;Revisor de periódico;APPLIED ENERGY;2021;"";https://www.journals.elsevier.com/applied-energy
36;Ricardo de Andrade Lira Rabêlo;Revisor de periódico;International Journal Of Ambient Energy;2021;"";https://www.tandfonline.com/action/journalInformation?show=aimsScope&journalCode=taen20
36;Ricardo de Andrade Lira Rabêlo;Membro de corpo editorial;IEEE Latin America Transactions;2021;"";""
36;Ricardo de Andrade Lira Rabêlo;Revisor de periódico;Sustainable Energy Technologies and Assessments;2021;"";https://www.journals.elsevier.com/sustainable-energy-technologies-and-assessments
36;Ricardo de Andrade Lira Rabêlo;Revisor de periódico;Cognitive Computation;2021;"";https://www.springer.com/journal/12559
36;Ricardo de Andrade Lira Rabêlo;Revisor de periódico;Applied Sciences-Basel;2021;"";https://www.mdpi.com/journal/applsci
36;Ricardo de Andrade Lira Rabêlo;Revisor de periódico;Algorithms;2021;"";https://www.mdpi.com/journal/algorithms
36;Ricardo de Andrade Lira Rabêlo;Revisor de periódico;Bulletin of Electrical Engineering and Informatics;2021;"";https://beei.org/index.php/EEI/index
36;Ricardo de Andrade Lira Rabêlo;Revisor de periódico;RENEWABLE & SUSTAINABLE ENERGY REVIEWS;2020;"";https://www.journals.elsevier.com/renewable-and-sustainable-energy-reviews
36;Ricardo de Andrade Lira Rabêlo;Revisor de periódico;MEASUREMENT;2020;"";https://www.journals.elsevier.com/measurement
36;Ricardo de Andrade Lira Rabêlo;Revisor de periódico;MEASUREMENT & CONTROL;2020;"";https://journals.sagepub.com/home/mac
36;Ricardo de Andrade Lira Rabêlo;Revisor de periódico;Informatics in Medicine Unlocked;2020;"";"https://www.journals.elsevier.com/informatics-in-medicine-unlocked&#10;&#10;ISSN: 2352-9148"
36;Ricardo de Andrade Lira Rabêlo;Revisor de periódico;JOURNAL OF COMPUTER SCIENCE AND TECHNOLOGY;2020;"";https://www.springer.com/journal/11390
36;Ricardo de Andrade Lira Rabêlo;Revisor de periódico;IEEE Transactions on Computational Social Systems;2020;"";Online ISSN: 2329-924X
36;Ricardo de Andrade Lira Rabêlo;Revisor de periódico;International Journal of Power Electronics and Drive Systems (IJPEDS);2020;"";ISSN: 2088-8694
36;Ricardo de Andrade Lira Rabêlo;Revisor de periódico;INTERNATIONAL JOURNAL OF ROBUST AND NONLINEAR CONTROL;2020;"";https://www.wiley.com/en-us/International+Journal+of+Robust+and+Nonlinear+Control-p-9780JN
36;Ricardo de Andrade Lira Rabêlo;Revisor de periódico;IEEE Internet of Things Journal;2020;"";https://ieeexplore.ieee.org/xpl/RecentIssue.jsp?punumber=6488907
36;Ricardo de Andrade Lira Rabêlo;Revisor de periódico;WIRELESS COMMUNICATIONS & MOBILE COMPUTING;2020;"";"https://www.hindawi.com/journals/wcmc/about/&#10;&#10;ISSN: 1530-8669 (Print)&#10;ISSN: 1530-8677 (Online)&#10;DOI: 10.1155/6302"
36;Ricardo de Andrade Lira Rabêlo;Revisor de periódico;Environmental Technology & Innovation;2020;"";Environmental Technology & Innovation (ISSN: 2352-1864)
36;Ricardo de Andrade Lira Rabêlo;Revisor de periódico;JOURNAL OF NETWORK AND COMPUTER APPLICATIONS;2020;"";https://www.journals.elsevier.com/journal-of-network-and-computer-applications
36;Ricardo de Andrade Lira Rabêlo;Revisor de periódico;Sustainable Cities and Society;2020;"";"https://www.sciencedirect.com/journal/sustainable-cities-and-society&#10;&#10;https://www.journals.elsevier.com/sustainable-cities-and-society"
36;Ricardo de Andrade Lira Rabêlo;Revisor de periódico;Interdisciplinary Sciences-Computational Life Sciences;2020;"";"- https://www.springer.com/journal/12539&#10;&#10;- https://www.springer.com/journal/12539/aims-and-scope"
36;Ricardo de Andrade Lira Rabêlo;Revisor de periódico;Computer Networks;2020;"";"ISSN: 1389-1286&#10;&#10;https://www.journals.elsevier.com/computer-networks"
36;Ricardo de Andrade Lira Rabêlo;Revisor de periódico;IEEE Latin America Transactions;2020;"";https://ieeexplore.ieee.org/xpl/aboutJournal.jsp?punumber=9907
36;Ricardo de Andrade Lira Rabêlo;Revisor de periódico;APPLIED ACOUSTICS;2020;"";https://www.journals.elsevier.com/applied-acoustics
36;Ricardo de Andrade Lira Rabêlo;Revisor de periódico;International Journal of Numerical Modelling: Electronic Networks, Devices;2020;"";https://onlinelibrary.wiley.com/journal/10991204
36;Ricardo de Andrade Lira Rabêlo;Revisor de periódico;APPLIED SOFT COMPUTING;2020;"";https://www.journals.elsevier.com/applied-soft-computing
36;Ricardo de Andrade Lira Rabêlo;Revisor de periódico;Energies;2020;"";https://www.mdpi.com/journal/energies
36;Ricardo de Andrade Lira Rabêlo;Revisor de periódico;Energy Sources Part B-Economics Planning and Policy;2020;"";https://www.tandfonline.com/action/journalInformation?journalCode=uesb20
36;Ricardo de Andrade Lira Rabêlo;Revisor de periódico;IEEE Access;2019;"";""
36;Ricardo de Andrade Lira Rabêlo;Revisor de periódico;COMPUTING (WIEN. INTERNET);2019;"";""
36;Ricardo de Andrade Lira Rabêlo;Revisor de periódico;Journal of Intelligent Systems;2019;"";""
36;Ricardo de Andrade Lira Rabêlo;Revisor de periódico;Swarm and Evolutionary Computation;2018;"";""
36;Ricardo de Andrade Lira Rabêlo;Revisor de projeto de fomento;Fundação de Amparo à Pesquisa ao Desenvolv. Científico e Tecnológico - MA;2018;"";""
36;Ricardo de Andrade Lira Rabêlo;Revisor de periódico;Medical & Biological Engineering & Computing;2016;"";""
36;Ricardo de Andrade Lira Rabêlo;Revisor de periódico;Journal of Control, Automation and Electrical Systems;2014;"";""
36;Ricardo de Andrade Lira Rabêlo;Revisor de periódico;International Journal of Distributed Sensor Networks (Online);2013;"";""
36;Ricardo de Andrade Lira Rabêlo;Membro de corpo editorial;Caderno de Estudos Ciência e Empresa (FAETE);2013;"";""
36;Ricardo de Andrade Lira Rabêlo;Membro de corpo editorial;Sapiência (FAPEPI. Impresso);2013;"";""
36;Ricardo de Andrade Lira Rabêlo;Revisor de periódico;International Journal of Water Resources and Environmental Engineering;2011;"";""
36;Ricardo de Andrade Lira Rabêlo;Revisor de periódico;Revista Controle & Automação da Sociedade Brasileira de Automação;2011;"";""
36;Ricardo de Andrade Lira Rabêlo;Revisor de periódico;Revista Eletrônica de Energia;2011;"";""
45;Rodrigo de Melo Souza Veras;Revisor de periódico;NEURAL NETWORKS;2022;"";""
45;Rodrigo de Melo Souza Veras;Revisor de periódico;Biomedical Signal Processing and Control;2022;"";""
45;Rodrigo de Melo Souza Veras;Revisor de projeto de fomento;Fundação de Amparo à Pesquisa ao Desenvolv. Científico e Tecnológico - MA;2022;"";""
45;Rodrigo de Melo Souza Veras;Revisor de periódico;MULTIMEDIA TOOLS AND APPLICATIONS;2021;"";""
45;Rodrigo de Melo Souza Veras;Membro de corpo editorial;journal of health informatics;2021;"";""
45;Rodrigo de Melo Souza Veras;Membro de corpo editorial;Computer Methods In Biomechanics And Biomedical Engineering-Imaging And Vis;2021;"";""
45;Rodrigo de Melo Souza Veras;Revisor de periódico;Annals of Operations Research;2020;"";""
45;Rodrigo de Melo Souza Veras;Revisor de periódico;EXPERT SYSTEMS WITH APPLICATIONS;2019;"";""
45;Rodrigo de Melo Souza Veras;Revisor de periódico;Applied Computing and Informatics;2019;"";""
45;Rodrigo de Melo Souza Veras;Revisor de periódico;RESEARCH ON BIOMEDICAL ENGINEERING;2019;"";""
45;Rodrigo de Melo Souza Veras;Revisor de periódico;ETRI JOURNAL;2019;"";""
45;Rodrigo de Melo Souza Veras;Revisor de periódico;IEEE Transactions on Industrial Informatics;2019;"";""
45;Rodrigo de Melo Souza Veras;Revisor de periódico;COMPUTERS IN BIOLOGY AND MEDICINE;2016;"";""
45;Rodrigo de Melo Souza Veras;Revisor de periódico;IEEE Latin America Transactions;2016;"";""
45;Rodrigo de Melo Souza Veras;Revisor de periódico;REVISTA DE SISTEMAS E COMPUTAÇÃO - RSC;2016;"";""
45;Rodrigo de Melo Souza Veras;Revisor de periódico;Biomedical Signal Processing and Control (Print);2014;"";""
45;Rodrigo de Melo Souza Veras;Revisor de periódico;Journal of Biomedical and Health Informatics;2014;"";""
41;Romuere Rodrigues Veloso e Silva;Revisor de periódico;THE JOURNAL OF SUPERCOMPUTING (DORDRECHT. ONLINE);2020;"";""
41;Romuere Rodrigues Veloso e Silva;Revisor de periódico;MACHINE VISION AND APPLICATIONS;2020;"";""
41;Romuere Rodrigues Veloso e Silva;Revisor de periódico;EURASIP Journal on Image and Video Processing;2018;"";""
41;Romuere Rodrigues Veloso e Silva;Revisor de periódico;International Journal of Injury Control and Safety Promotion;2016;"";""
41;Romuere Rodrigues Veloso e Silva;Revisor de periódico;Revista IEEE América Latina;2016;"";""
48;Vinicius Ponte Machado;Revisor de periódico;Computer Methods in Biomechanics and Biomedical Engineering: Imaging & Visu;2021;"";""
